	ref_run	Ref_for_bioinformatic	ref_mycea	year	region	terroir	city	parcel	practice	lat	long	cultural_practice	rank	inter_rank	soil_practice	irrigation	compartment	spores_rep1	spores_rep2	spores_rep3	spores_rep1_viable	spores_rep2_viable	spores_rep3_viable	Coarse_sand	Fine_sand	Total_sand	Coarse_silt	Fine_silt	Total_filt	Total_clay	Total_lime	ph	C	SOM	N	C_N	Cu	P2O5	CaO	MgO	K20	Na20	CEC	Myc_freq1	Myc_intensity_root1	Myc_intensity_colonization1	Arbuscul_richness1	Arbuscul_abundance_root1	Vesicle_richness1	Vesicle_abundance_root1	Myc_freq2	Myc_intensity_root2	Myc_intensity_colonization2	Arbuscul_richness2	Arbuscul_abundance_root2	Vesicle_richness2	Vesicle_abundance_root2	Myc_freq3	Myc_intensity_root3	Myc_intensity_colonization3	Arbuscul_richness3	Arbuscul_abundance_root3	Vesicle_richness3	Vesicle_abundance_root3
20LIB014VC16	20LIB014	20LIB014VC16	VC16	2019	Languedoc	Cevennes	Bourdic	Conversion	Conversion	4.342338	43.985222	Conversion	Scratching	Scratching	Scratching	FALSE	Spores	6814.08	7318.08	7176.96				46	113	159	230	262	492	349	96	8.2	11	18.92	1.28	8.59375	21.9	363		253.487	495.492	14.26	22	100	16.87	16.87	39.05	6.58	5.34	0.9	100	11.73	11.73	64.16	4.32	25.05	1.69	100	8.93	8.93	62.84	5.61	3.73	0.33
20LIB014VC2	20LIB014	20LIB014VC2	VC2	2019	Languedoc	Cevennes	St Maurice de Cazevieille	Conventional	Conventional	4.247388	44.035228	Conventional	Herbicide	Scratching	Herbicide	FALSE	Spores	6138.72	5664.96	6068.16				104	95	199	165	325	490	311	176	8.2	11.9	20.468	1.39	8.56115107913669	14.1	166		275.4505	370.677	17.98	15.7	100	12.13	12.13	52.41	8.98	26.07	4.47	100	7	7	51.71	3.62	4.38	0.31	100	7	7	54.1	3.79	4.95	0.35
20LIB014VC44	20LIB014	20LIB014VC44	VC44	2019	Languedoc	Cevennes	St Maurice de Cazevieille	Organic weeded	Organic	4.246542	44.036925	Organic weeded	Scratching	Scratching	Scratching	FALSE	Spores	11430.72	11229.12	10634.4				110	90	200	162	331	493	307	224	8.3	8.4	14.448	1.33	6.31578947368421	10.8	84		293.1825	230.79	15.5	15	100	20.53	20.53	62.21	12.77	17.53	3.6	100	18.53	18.53	58.82	10.76	6.03	2.27	100	14.47	14.47	64.1	9.27	19.12	2.77
20LIB014VC58	20LIB014	20LIB014VC58	VC58	2019	Languedoc	Cevennes	St Maurice de Cazevieille	Organic grassed	Organic	4.245874	44.036324	Organic grassed	Grassing	Grassing	Grassing	FALSE	Spores	13015.2	12658.2	13066.2				86	148	234	178	306	484	282	320	8.3	13	22.36	1.4	9.28571428571429	15.9	84		274.443	219.957	13.33	12.4	100	18.8	18.8	58.37	10.97	1.49	0.7	100	32.33	32.33	80.52	26.03	29.18	9.43	100	38.07	38.07	75.48	28.73	28.37	10.8
20LIB014VCA1	20LIB014	20LIB014VCA1	VCA1	2019	Languedoc	Cevennes	St Maurice de Cazevieille	Conventional	Conventional	4.247388	44.035228	Conventional	Herbicide	Scratching	Herbicide	FALSE	Roots							104	95	199	165	325	490	311	176	8.2	11.9	20.468	1.39	8.56115107913669	14.1	166		275.4505	370.677	17.98	15.7	100	12.13	12.13	52.41	8.98	26.07	4.47	100	7	7	51.71	3.62	4.38	0.31	100	7	7	54.1	3.79	4.95	0.35
20LIB014VCA3	20LIB014	20LIB014VCA3	VCA3	2019	Languedoc	Cevennes	Bourdic	Conversion	Conversion	4.342338	43.985222	Conversion	Scratching	Scratching	Scratching	FALSE	Roots							46	113	159	230	262	492	349	96	8.2	11	18.92	1.28	8.59375	21.9	363		253.487	495.492	14.26	22	100	16.87	16.87	39.05	6.58	5.34	0.9	100	11.73	11.73	64.16	4.32	25.05	1.69	100	8.93	8.93	62.84	5.61	3.73	0.33
20LIB014VCA5	20LIB014	20LIB014VCA5	VCA5	2019	Languedoc	Cevennes	St Maurice de Cazevieille	Organic weeded	Organic	4.246542	44.036925	Organic weeded	Scratching	Scratching	Scratching	FALSE	Roots							110	90	200	162	331	493	307	224	8.3	8.4	14.448	1.33	6.31578947368421	10.8	84		293.1825	230.79	15.5	15	100	20.53	20.53	62.21	12.77	17.53	3.6	100	18.53	18.53	58.82	10.76	6.03	2.27	100	14.47	14.47	64.1	9.27	19.12	2.77
20LIB014VCA7	20LIB014	20LIB014VCA7	VCA7	2019	Languedoc	Cevennes	St Maurice de Cazevieille	Organic grassed	Organic	4.245874	44.036324	Organic grassed	Grassing	Grassing	Grassing	FALSE	Roots							86	148	234	178	306	484	282	320	8.3	13	22.36	1.4	9.28571428571429	15.9	84		274.443	219.957	13.33	12.4	100	18.8	18.8	58.37	10.97	1.49	0.7	100	32.33	32.33	80.52	26.03	29.18	9.43	100	38.07	38.07	75.48	28.73	28.37	10.8
20LIB014VCB1	20LIB014	20LIB014VCB1	VCB1	2019	Languedoc	Cevennes	St Maurice de Cazevieille	Conventional	Conventional	4.247388	44.035228	Conventional	Herbicide	Scratching	Herbicide	FALSE	Mycelium							104	95	199	165	325	490	311	176	8.2	11.9	20.468	1.39	8.56115107913669	14.1	166		275.4505	370.677	17.98	15.7	100	12.13	12.13	52.41	8.98	26.07	4.47	100	7	7	51.71	3.62	4.38	0.31	100	7	7	54.1	3.79	4.95	0.35
20LIB014VCB3	20LIB014	20LIB014VCB3	VCB3	2019	Languedoc	Cevennes	Bourdic	Conversion	Conversion	4.342338	43.985222	Conversion	Scratching	Scratching	Scratching	FALSE	Mycelium							46	113	159	230	262	492	349	96	8.2	11	18.92	1.28	8.59375	21.9	363		253.487	495.492	14.26	22	100	16.87	16.87	39.05	6.58	5.34	0.9	100	11.73	11.73	64.16	4.32	25.05	1.69	100	8.93	8.93	62.84	5.61	3.73	0.33
20LIB014VCB5	20LIB014	20LIB014VCB5	VCB5	2019	Languedoc	Cevennes	St Maurice de Cazevieille	Organic weeded	Organic	4.246542	44.036925	Organic weeded	Scratching	Scratching	Scratching	FALSE	Mycelium							110	90	200	162	331	493	307	224	8.3	8.4	14.448	1.33	6.31578947368421	10.8	84		293.1825	230.79	15.5	15	100	20.53	20.53	62.21	12.77	17.53	3.6	100	18.53	18.53	58.82	10.76	6.03	2.27	100	14.47	14.47	64.1	9.27	19.12	2.77
20LIB014VCB7	20LIB014	20LIB014VCB7	VCB7	2019	Languedoc	Cevennes	St Maurice de Cazevieille	Organic grassed	Organic	4.245874	44.036324	Organic grassed	Grassing	Grassing	Grassing	FALSE	Mycelium							86	148	234	178	306	484	282	320	8.3	13	22.36	1.4	9.28571428571429	15.9	84		274.443	219.957	13.33	12.4	100	18.8	18.8	58.37	10.97	1.49	0.7	100	32.33	32.33	80.52	26.03	29.18	9.43	100	38.07	38.07	75.48	28.73	28.37	10.8
20LIB014VF16	20LIB014	20LIB014VF16	VF16	2019	Languedoc	Faugeres	Autignac	Conversion	Conversion	3.162992	43.521284	Conversion	Scratching	Scratching	Scratching	FALSE	Spores	1370.88	1018.08	1108.8				267	200	467	130	180	310	223	48	7	15.2	26.144	1.59	9.55974842767296	14.8	165		449.5465	225.609	41.85	10.6	94.44	7.56	8	57.28	4.33	6.47	0.49	100	19.93	19.93	63.86	14.01	25.47	5.59	100	10.53	10.53	76.9	8.1	67.15	7.07
20LIB014VF2	20LIB014	20LIB014VF2	VF2	2019	Languedoc	Faugeres	Autignac	Conventional	Conventional	3.167559	43.516683	Conventional	Herbicide	Scratching	Herbicide	FALSE	Spores	3558.24	2872.8	2963.52				323	172	495	103	168	271	234	36	7.6	10.9	18.748	1.39	7.84172661870504	13.1	79		310.713	92.787	40.61	10.8	100	30.4	30.4	35.44	10.77	50.44	15.33	100	15.6	15.6	37.53	4.35	37.47	4.35	100	28.73	28.73	16.03	4.61	69.72	20.03
20LIB014VF30	20LIB014	20LIB014VF30	VF30	2019	Languedoc	Faugeres	Autignac	Organic weeded	Organic	3.168656	43.517943	Organic weeded	Scratching	Scratching	Scratching	FALSE	Spores	9384.48	9162.72	8880.48				267	171	438	124	213	337	225	0	6.5	14.5	24.94	1.63	8.89570552147239	23.4	21	2916.499	477.3535	101.736	31	11.7	100	27.73	27.73	63.46	17.6	13.82	3.83	100	41	41	71.63	29.37	22.44	9.2	100	26.07	26.07	76.24	19.87	19.05	4.97
20LIB014VF44	20LIB014	20LIB014VF44	VF44	2019	Languedoc	Faugeres	Autignac	Organic grassed	Organic	3.167792	43.512782	Organic grassed	Grassing	Grassing	Grassing	FALSE	Spores	10128.16	10454.64	9723.12				332	282	614	95	142	237	149	32	7.2	12	20.64	1.46	8.21917808219178	14.8	55		170.2675	101.265	18.6	7.5	100	51.33	51.33	76.36	39.2	13.77	7.07	100	31.47	31.47	79.97	17.17	15.99	3.43	100	29.47	29.47	69.87	17.81	22.89	3.54
20LIB014VFA1	20LIB014	20LIB014VFA1	VFA1	2019	Languedoc	Faugeres	Autignac	Conventional	Conventional	3.167559	43.516683	Conventional	Herbicide	Scratching	Herbicide	FALSE	Roots							323	172	495	103	168	271	234	36	7.6	10.9	18.748	1.39	7.84172661870504	13.1	79		310.713	92.787	40.61	10.8	100	30.4	30.4	35.44	10.77	50.44	15.33	100	15.6	15.6	37.53	4.35	37.47	4.35	100	28.73	28.73	16.03	4.61	69.72	20.03
20LIB014VFA3	20LIB014	20LIB014VFA3	VFA3	2019	Languedoc	Faugeres	Autignac	Conversion	Conversion	3.162992	43.521284	Conversion	Scratching	Scratching	Scratching	FALSE	Roots							267	200	467	130	180	310	223	48	7	15.2	26.144	1.59	9.55974842767296	14.8	165		449.5465	225.609	41.85	10.6	94.44	7.56	8	57.28	4.33	6.47	0.49	100	19.93	19.93	63.86	14.01	25.47	5.59	100	10.53	10.53	76.9	8.1	67.15	7.07
20LIB014VFA5	20LIB014	20LIB014VFA5	VFA5	2019	Languedoc	Faugeres	Autignac	Organic weeded	Organic	3.168656	43.517943	Organic weeded	Scratching	Scratching	Scratching	FALSE	Roots							267	171	438	124	213	337	225	0	6.5	14.5	24.94	1.63	8.89570552147239	23.4	21	2916.499	477.3535	101.736	31	11.7	100	27.73	27.73	63.46	17.6	13.82	3.83	100	41	41	71.63	29.37	22.44	9.2	100	26.07	26.07	76.24	19.87	19.05	4.97
20LIB014VFA7	20LIB014	20LIB014VFA7	VFA7	2019	Languedoc	Faugeres	Autignac	Organic grassed	Organic	3.167792	43.512782	Organic grassed	Grassing	Grassing	Grassing	FALSE	Roots							332	282	614	95	142	237	149	32	7.2	12	20.64	1.46	8.21917808219178	14.8	55		170.2675	101.265	18.6	7.5	100	51.33	51.33	76.36	39.2	13.77	7.07	100	31.47	31.47	79.97	17.17	15.99	3.43	100	29.47	29.47	69.87	17.81	22.89	3.54
20LIB014VFB1	20LIB014	20LIB014VFB1	VFB1	2019	Languedoc	Faugeres	Autignac	Conventional	Conventional	3.167559	43.516683	Conventional	Herbicide	Scratching	Herbicide	FALSE	Mycelium							323	172	495	103	168	271	234	36	7.6	10.9	18.748	1.39	7.84172661870504	13.1	79		310.713	92.787	40.61	10.8	100	30.4	30.4	35.44	10.77	50.44	15.33	100	15.6	15.6	37.53	4.35	37.47	4.35	100	28.73	28.73	16.03	4.61	69.72	20.03
20LIB014VFB3	20LIB014	20LIB014VFB3	VFB3	2019	Languedoc	Faugeres	Autignac	Conversion	Conversion	3.162992	43.521284	Conversion	Scratching	Scratching	Scratching	FALSE	Mycelium							267	200	467	130	180	310	223	48	7	15.2	26.144	1.59	9.55974842767296	14.8	165		449.5465	225.609	41.85	10.6	94.44	7.56	8	57.28	4.33	6.47	0.49	100	19.93	19.93	63.86	14.01	25.47	5.59	100	10.53	10.53	76.9	8.1	67.15	7.07
20LIB014VFB5	20LIB014	20LIB014VFB5	VFB5	2019	Languedoc	Faugeres	Autignac	Organic weeded	Organic	3.168656	43.517943	Organic weeded	Scratching	Scratching	Scratching	FALSE	Mycelium							267	171	438	124	213	337	225	0	6.5	14.5	24.94	1.63	8.89570552147239	23.4	21	2916.499	477.3535	101.736	31	11.7	100	27.73	27.73	63.46	17.6	13.82	3.83	100	41	41	71.63	29.37	22.44	9.2	100	26.07	26.07	76.24	19.87	19.05	4.97
20LIB014VFB7	20LIB014	20LIB014VFB7	VFB7	2019	Languedoc	Faugeres	Autignac	Organic grassed	Organic	3.167792	43.512782	Organic grassed	Grassing	Grassing	Grassing	FALSE	Mycelium							332	282	614	95	142	237	149	32	7.2	12	20.64	1.46	8.21917808219178	14.8	55		170.2675	101.265	18.6	7.5	100	51.33	51.33	76.36	39.2	13.77	7.07	100	31.47	31.47	79.97	17.17	15.99	3.43	100	29.47	29.47	69.87	17.81	22.89	3.54
21MET800	22LIB32	21MET800	PE8R	2021	Languedoc	Vergèze	Vergèze	Organic weeded	Organic	4.23543	43.729341	Organic weeded	Scratching	Ploughing	Ploughing	TRUE	Roots							93	133	226	223	295	518	255	116	8.3	9.5	16.34	0.95	10	28.9	112		217.62	278.832	30.07	18.4	87.5	6.1875	7.61538461538462	64.2424242424242	3.975	3.53535353535353	0.21875														
21MET801	22LIB32	21MET801	PE7R	2021	Languedoc	Vergèze	Vergèze	Organic weeded	Organic	4.232131	43.729147	Organic weeded	Scratching	Ploughing	Ploughing	TRUE	Roots							101	131	232	223	311	534	234	95	8.2	10.2	17.544	0.97	10.5154639175258	32.4	119		245.2255	358.902	25.73	18.6	87.5	16.6875	19.0714285714286	6.92883895131086	1.15625	3.74531835205993	0.625														
21MET802	22LIB32	21MET802	PE6R	2021	Languedoc	Vergèze	Vergèze	Organic weeded	Organic	4.248101	43.722854	Organic weeded	Scratching	Scratching	Scratching	TRUE	Roots							NA	NA	NA	NA	NA	NA	NA	NA							NA						100	16.375	16.375	57.4427480916031	9.40625	4.9618320610687	0.8125														
21MET803	22LIB32	21MET803	PE5R	2021	Languedoc	Vergèze	Vergèze	Organic weeded	Organic	4.256075	43.728137	Organic weeded	Scratching	Scratching	Scratching	TRUE	Roots							NA	NA	NA	NA	NA	NA	NA	NA							NA						100	19.5	19.5	82.5641025641026	16.1	5.55555555555556	1.08333333333333														
21MET804	22LIB32	21MET804	PE4R	2021	Languedoc	Vergèze	Vergèze	Organic grassed	Organic	4.245433	43.738404	Organic grassed	Scratching	Grassing	Grassing	TRUE	Roots							NA	NA	NA	NA	NA	NA	NA	NA							NA						100	13	13	18.6111111111111	5.41875	4.16666666666667	0.09375														
21MET805	22LIB32	21MET805	PE3R	2021	Languedoc	Vergèze	Vergèze	Organic grassed	Organic	4.2381	43.740846	Organic grassed	Scratching	Grassing	Grassing	TRUE	Roots							41	164	205	221	301	522	272	95	8.1	12.3	21.156	1.28	9.609375	34.2	162		407.2315	581.685	21.08	14.9	100	30.375	30.375	74.1975308641975	22.5375	4.11522633744856	1.25														
21MET806	22LIB32	21MET806	PE2R	2021	Languedoc	Vergèze	Vergèze	Organic grassed	Organic	4.238006	43.725981	Organic grassed	Scratching	Grassing	Grassing	FALSE	Roots							NA	NA	NA	NA	NA	NA	NA	NA							NA						100	10	10	50.7692307692308	12.8875	17.032967032967	0.96875														
21MET807	22LIB32	21MET807	PE1R	2021	Languedoc	Vergèze	Vergèze	Organic grassed	Organic	4.239126	43.724605	Organic grassed	Scratching	Grassing	Grassing	FALSE	Roots							NA	NA	NA	NA	NA	NA	NA	NA							NA						81.25	17.0625	19.5	61.1721611721612	10.4375	1.0989010989011	0.1875														
21MET808	22LIB32	21MET808	PE16R	2021	Languedoc	Vergèze	Vergèze	Organic grassed	Organic	4.236228	43.739753	Organic grassed	Scratching	Grassing	Grassing	TRUE	Roots							NA	NA	NA	NA	NA	NA	NA	NA							NA						100	13.25	13.25	53.3018867924528	7.0625	1.65094339622642	0.21875														
21MET809	22LIB32	21MET809	PE15R	2021	Languedoc	Vergèze	Vergèze	Organic grassed	Organic	4.250422	43.767549	Organic grassed	Scratching	Grassing	Grassing	FALSE	Roots							NA	NA	NA	NA	NA	NA	NA	NA							NA						100	22.25	22.25	79.9438202247191	17.7875	9.41011235955056	2.09375														
21MET810	22LIB32	21MET810	PE14R	2021	Languedoc	Vergèze	Vergèze	Organic weeded	Organic	4.264541	43.741718	Organic weeded	Scratching	Ploughing	Ploughing	TRUE	Roots							NA	NA	NA	NA	NA	NA	NA	NA							NA						68.75	3	4.36363636363636	42.5	1.275	0	0														
21MET812	22LIB32	21MET812	PE12R	2021	Languedoc	Vergèze	Vergèze	Organic weeded	Organic	4.222294	43.693117	Organic weeded	Scratching	Scratching	Scratching	FALSE	Roots							NA	NA	NA	NA	NA	NA	NA	NA							NA						81.25	26.5625	32.6923076923077	98.2352941176471	26.09375	24.7058823529412	6.5625														
21MET813	22LIB32	21MET813	PE11R	2021	Languedoc	Vergèze	Vergèze	Organic weeded	Organic	4.2594	43.72862	Organic weeded	Scratching	Scratching	Scratching	TRUE	Roots							81	188	269	287	321	608	122	130	8.2	15	25.8	1.37	10.9489051094891	60.4	239		405.6195	430.494	28.52	13.8	100	19.75	19.75	75.6645569620253	14.94375	4.74683544303798	0.9375														
21MET814	22LIB32	21MET814	PE10R	2021	Languedoc	Vergèze	Vergèze	Organic weeded	Organic	4.255015	43.73762	Organic weeded	Scratching	Scratching	Scratching	TRUE	Roots							NA	NA	NA	NA	NA	NA	NA	NA							NA						100	9.4375	9.4375	42.7814569536424	4.0375	0.331125827814569	0.03125														
21MET815	22LIB32	21MET815	PE9R	2021	Languedoc	Vergèze	Vergèze	Organic weeded	Organic	4.25163	43.732814	Organic weeded	Scratching	Scratching	Scratching	TRUE	Roots							52	138	190	242	336	578	232	314	8.3	11.6	19.952	1.16	10	23.7	141		409.851	692.37	23.25	15.4	62.5	0.625	1	5	0.03125	0	0														
21MET816	22LIB32	21MET816	PE8	2021	Languedoc	Vergèze	Vergèze	Organic weeded	Organic	4.23543	43.729341	Organic weeded	Scratching	Ploughing	Ploughing	TRUE	Spores	1252.24986765484	1351.11169931181	1515.88141874007				NA	NA	NA	NA	NA	NA	NA	NA							NA																										
21MET817	22LIB32	21MET817	PE7	2021	Languedoc	Vergèze	Vergèze	Organic weeded	Organic	4.232131	43.729147	Organic weeded	Scratching	Ploughing	Ploughing	TRUE	Spores	2556.00640683396	2782.48798718633	2847.19701014415				52	138	190	242	336	578	232	314	8.3	11.6	19.952	1.16	10	23.7	141		409.851	692.37	23.25	15.4																					
21MET818	22LIB32	21MET818	PE6	2021	Languedoc	Vergèze	Vergèze	Organic weeded	Organic	4.248101	43.722854	Organic weeded	Scratching	Scratching	Scratching	TRUE	Spores	4269.64968152866	4078.47133757962	4492.69108280255				93	133	226	223	295	518	255	116	8.3	9.5	16.34	0.95	10	28.9	112		217.62	278.832	30.07	18.4																					
21MET819	22LIB32	21MET819	PE5	2021	Languedoc	Vergèze	Vergèze	Organic weeded	Organic	4.256075	43.728137	Organic weeded	Scratching	Scratching	Scratching	TRUE	Spores	4206.99523052464	4046.42289348172	4335.45310015898				101	131	232	223	311	534	234	95	8.2	10.2	17.544	0.97	10.5154639175258	32.4	119		245.2255	358.902	25.73	18.6																					
21MET820	22LIB32	21MET820	PE4	2021	Languedoc	Vergèze	Vergèze	Organic grassed	Organic	4.245433	43.738404	Organic grassed	Scratching	Grassing	Grassing	TRUE	Spores	2180.29801324503	1777.78145695364	2247.38410596027				NA	NA	NA	NA	NA	NA	NA	NA							NA																										
21MET821	22LIB32	21MET821	PE3	2021	Languedoc	Vergèze	Vergèze	Organic grassed	Organic	4.2381	43.740846	Organic grassed	Scratching	Grassing	Grassing	TRUE	Spores	13108.7697160883	12337.665615142	13879.8738170347				NA	NA	NA	NA	NA	NA	NA	NA							NA																										
21MET822	22LIB32	21MET822	PE2	2021	Languedoc	Vergèze	Vergèze	Organic grassed	Organic	4.238006	43.725981	Organic grassed	Scratching	Grassing	Grassing	FALSE	Spores	5715.31914893617	5910.15957446809	5585.42553191489				NA	NA	NA	NA	NA	NA	NA	NA							NA																										
21MET823	22LIB32	21MET823	PE1	2021	Languedoc	Vergèze	Vergèze	Organic grassed	Organic	4.239126	43.724605	Organic grassed	Scratching	Grassing	Grassing	FALSE	Spores	6870.20656779661	7509.29555084746	7061.93326271186				41	164	205	221	301	522	272	95	8.1	12.3	21.156	1.28	9.609375	34.2	162		407.2315	581.685	21.08	14.9																					
21MET824	22LIB32	21MET824	PE16	2021	Languedoc	Vergèze	Vergèze	Organic grassed	Organic	4.236228	43.739753	Organic grassed	Scratching	Grassing	Grassing	TRUE	Spores	6263.14240672622	7062.01261166579	6838.32895428271				NA	NA	NA	NA	NA	NA	NA	NA							NA																										
21MET825	22LIB32	21MET825	PE15	2021	Languedoc	Vergèze	Vergèze	Organic grassed	Organic	4.250422	43.767549	Organic grassed	Scratching	Grassing	Grassing	FALSE	Spores	14698.4798345398	13553.1437435367	14125.8117890383				NA	NA	NA	NA	NA	NA	NA	NA							NA																										
21MET826	22LIB32	21MET826	PE14	2021	Languedoc	Vergèze	Vergèze	Organic weeded	Organic	4.264541	43.741718	Organic weeded	Scratching	Ploughing	Ploughing	TRUE	Spores	9073.77049180328	10144.9795081967	9924.43647540984				NA	NA	NA	NA	NA	NA	NA	NA							NA																										
21MET827	22LIB32	21MET827	PE13	2021	Languedoc	Vergèze	Vergèze	Organic weeded	Organic	4.232024	43.703783	Organic weeded	Scratching	Ploughing	Ploughing	TRUE	Spores	3549.36918304033	3993.04033092037	3644.44157187177				NA	NA	NA	NA	NA	NA	NA	NA							NA																										
21MET828	22LIB32	21MET828	PE12	2021	Languedoc	Vergèze	Vergèze	Organic weeded	Organic	4.222294	43.693117	Organic weeded	Scratching	Scratching	Scratching	FALSE	Spores	4809.42498693152	5350.88342916884	5478.28541557763				NA	NA	NA	NA	NA	NA	NA	NA							NA																										
21MET829	22LIB32	21MET829	PE11	2021	Languedoc	Vergèze	Vergèze	Organic weeded	Organic	4.2594	43.72862	Organic weeded	Scratching	Scratching	Scratching	TRUE	Spores	10798.0212765957	11468.9042553191	10414.6595744681				NA	NA	NA	NA	NA	NA	NA	NA							NA																										
21MET830	22LIB32	21MET830	PE10	2021	Languedoc	Vergèze	Vergèze	Organic weeded	Organic	4.255015	43.73762	Organic weeded	Scratching	Scratching	Scratching	TRUE	Spores	5035.17384535548	5385.72392319668	5576.93305656461				NA	NA	NA	NA	NA	NA	NA	NA							NA																										
21MET831	22LIB32	21MET831	PE9	2021	Languedoc	Vergèze	Vergèze	Organic weeded	Organic	4.25163	43.732814	Organic weeded	Scratching	Scratching	Scratching	TRUE	Spores	2022.12834224599	1761.20855614973	1598.13368983957				81	188	269	287	321	608	122	130	8.2	15	25.8	1.37	10.9489051094891	60.4	239		405.6195	430.494	28.52	13.8																					
23MET2393	23lib38	23MET2393	BSR230613	2023	Champagne	Côte des Blancs	Cramant	Longues verges PhL	Organic	3.991186	48.996067	Organic grassed	Scratching	Grassing	Grassing	FALSE	Roots							NA	NA	NA	NA	NA	NA	NA	NA							NA						81.25	27.625			23		6.5625														
23MET2394	23lib38	23MET2394	BSR230612	2023	Champagne	Côte des Blancs	Cramant	Fond du bateau PhL	Organic	3.993364	48.998560	Organic grassed	Scratching	Grassing	Grassing	FALSE	Roots							NA	NA	NA	NA	NA	NA	NA	NA							NA						81.25	14.6875			11.10625		4.0625														
23MET2401	23lib38	23MET2401	BSR230622	2023	Champagne	Côte des Blancs	Avize	AVIZE Sans travail du sol sans perturbation	Organic	4.014904	48.976383	Organic grassed	Grassing	Grassing	Grassing	FALSE	Roots							NA	NA	NA	NA	NA	NA	NA	NA							NA						68.75	5.3125			4.375		0														
23MET2402	23lib38	23MET2402	BSR230621	2023	Champagne	Côte des Blancs	Chetillons	Chetillons Desh sous rang_plein chimique	Conventional	4.034283	48.945738	Conventional	Herbicide	Herbicide	Herbicide	FALSE	Roots							NA	NA	NA	NA	NA	NA	NA	NA							NA						87.5	21.375			18		6.25														
23MET2403	23lib38	23MET2403	BSR230620	2023	Champagne	Côte des Blancs	Chetillons	Chetillons Travail sol mecanique sous rang	Organic	4.034459	48.945714	Organic grassed	Scratching	Grassing	Grassing	FALSE	Roots							NA	NA	NA	NA	NA	NA	NA	NA							NA						75	4.3125			3.5		0.1875														
23MET2404	23lib38	23MET2404	BSR230619	2023	Champagne	Côte des Blancs	Chetillons	Chetillons Ecorces	Conventional	4.034333	48.945724	Conventional	Herbicide	Grassing	Herbicide	FALSE	Roots							NA	NA	NA	NA	NA	NA	NA	NA							NA						78.5714286	6.92857143			5.78571429		0.03571429														
23MET2405	23lib38	23MET2405	BSR230618	2023	Champagne	Côte des Blancs	Cramant	BIONNES JEB	Conversion	4.018985	48.988723	Conversion	Scratching	Grassing	Grassing	FALSE	Roots							NA	NA	NA	NA	NA	NA	NA	NA							NA						75	17.375			15.0375		1.0625														
23MET2406	23lib38	23MET2406	BSR230617	2023	Champagne	Côte des Blancs	Cramant	BATEAU AN39 JEB	Conversion	4.021354	48.995715	Conversion	Scratching	Grassing	Grassing	FALSE	Roots							NA	NA	NA	NA	NA	NA	NA	NA							NA						87.5	29.5			27.13125		1.0625														
23MET2407	23lib38	23MET2407	BSR230616	2023	Champagne	Côte des Blancs	Cramant	TDB AM29 JEB	Conversion	4.016860	48.996831	Conversion	Scratching	Grassing	Grassing	FALSE	Roots							NA	NA	NA	NA	NA	NA	NA	NA							NA						75	7.4375			6.56875		0														
23MET2408	23lib38	23MET2408	BSR230614	2023	Champagne	Côte des Blancs	Cramant	Marmouzes JEB	Conversion	3.993364	48.990865	Conversion	Scratching	Grassing	Grassing	FALSE	Roots							NA	NA	NA	NA	NA	NA	NA	NA							NA						81.25	17.6875			13.50625		2.375														
23MET2412	23lib38	23MET2412	BSR230627	2023	Champagne	Côte des Blancs	Mireaux	Les MIREAUX JEB	Conversion	3.994317	48.984151	Conversion	Scratching	Grassing	Grassing	FALSE	Roots							NA	NA	NA	NA	NA	NA	NA	NA							NA						68.75	18			15.46875		2.625														
23MET2413	23lib38	23MET2413	BSR230626	2023	Champagne	Côte des Blancs	Mireaux	JEB VOISIN 2 MIREAUX	Conventional	3.994319	48.984222	Conventional	Herbicide	Grassing	Herbicide	FALSE	Roots							NA	NA	NA	NA	NA	NA	NA	NA							NA						75	7.69			4.91		0.19														
23MET2414	23lib38	23MET2414	BSR230625	2023	Champagne	Côte des Blancs	Mireaux	JEB VOISIN 1 MIREAUX DESSOUS	Conventional	3.994335	48.984188	Conventional	Herbicide	Herbicide	Herbicide	FALSE	Roots							NA	NA	NA	NA	NA	NA	NA	NA							NA						68.75	5.5625			4.69375		0														
23MET2415	23lib38	23MET2415	BSR230624	2023	Champagne	Côte des Blancs	Avize	AVIZE Desh chimique en plein	Conventional	4.014914	48.976412	Conventional	Herbicide	Herbicide	Herbicide	FALSE	Roots							NA	NA	NA	NA	NA	NA	NA	NA							NA						81.25	13.625			11.875		0.8125														
23MET2416	23lib38	23MET2416	BSR230623	2023	Champagne	Côte des Blancs	Avize	AVIZE Travail meca sous rang	Organic	4.014914	48.976351	Organic grassed	Scratching	Grassing	Grassing	FALSE	Roots							NA	NA	NA	NA	NA	NA	NA	NA							NA						75	13.3125			10.8125		0.625														
23MET2426	23lib38	23MET2426	BSS230614	2023	Champagne	Côte des Blancs	Cramant	Marmouzes JEB	Conversion	3.993364	48.990865	Conversion	Scratching	Grassing	Grassing	FALSE	Spores	12453.4750391879	15457.9573033169	13051.4832030231	764.687063809783	572.516937159884	978.861240226735	NA	NA	NA	NA	NA	NA	NA	NA							NA						NA	NA			NA		NA														
23MET2427	23lib38	23MET2427	BSS230613	2023	Champagne	Côte des Blancs	Cramant	Longues verges PhL	Organic	3.991186	48.996067	Organic grassed	Scratching	Grassing	Grassing	FALSE	Spores	9753.65690914102	9075.4010491903	9909.83879882046	1203.37325502389	1146.36644831877	1725.59382069013	NA	NA	NA	NA	NA	NA	NA	NA							NA						NA	NA			NA		NA														
23MET2428	23lib38	23MET2428	BSS230612	2023	Champagne	Côte des Blancs	Cramant	Fond du bateau PhL	Organic	3.993364	48.998560	Organic grassed	Scratching	Grassing	Grassing	FALSE	Spores	25840.694975151	26685.5503412225	24715.061823594	11286.740333974	10899.7318295134	10685.3897653162	NA	NA	NA	NA	NA	NA	NA	NA							NA						NA	NA			NA		NA														
23MET2433	23lib38	23MET2433	BSS230623	2023	Champagne	Côte des Blancs	Avize	AVIZE Travail meca sous rang	Organic	4.014914	48.976351	Organic grassed	Scratching	Grassing	Grassing	FALSE	Spores	13685.0867171944	13454.8103094152	14554.1700929472	562.400823994292	401.636128639259	992.329779064581	NA	NA	NA	NA	NA	NA	NA	NA							NA						NA	NA			NA		NA														
23MET2434	23lib38	23MET2434	BSS230622	2023	Champagne	Côte des Blancs	Avize	AVIZE Sans travail du sol sans perturbation	Organic	4.014904	48.976383	Organic grassed	Grassing	Grassing	Grassing	FALSE	Spores	12488.596554839	13034.7980088561	11577.3027105794	734.623326755238	1270.05724188854	798.434669695129	NA	NA	NA	NA	NA	NA	NA	NA							NA						NA	NA			NA		NA														
23MET2435	23lib38	23MET2435	BSS230621	2023	Champagne	Côte des Blancs	Chetillons	Chetillons Desh sous rang_plein chimique	Conventional	4.034283	48.945738	Conventional	Herbicide	Herbicide	Herbicide	FALSE	Spores	9391.20758765827	8422.86638585306	8568.88573563298	232.839857545246	319.047969161101	216.022329469739	NA	NA	NA	NA	NA	NA	NA	NA							NA						NA	NA			NA		NA														
23MET2436	23lib38	23MET2436	BSS230620	2023	Champagne	Côte des Blancs	Chetillons	Chetillons Travail sol mecanique sous rang	Organic	4.034459	48.945714	Organic grassed	Scratching	Grassing	Grassing	FALSE	Spores	23340.0654927168	23383.9951109768	24749.4871284883	1167.00327463584	1157.62352034538	1022.7060796896	NA	NA	NA	NA	NA	NA	NA	NA							NA						NA	NA			NA		NA														
23MET2437	23lib38	23MET2437	BSS230619	2023	Champagne	Côte des Blancs	Chetillons	Chetillons Ecorces	Conventional	4.034333	48.945724	Conventional	Herbicide	Grassing	Herbicide	FALSE	Spores	14023.2572705067	15383.8439664702	14359.8683740811	1228.31450544584	891.817041534506	1497.65498379987	NA	NA	NA	NA	NA	NA	NA	NA							NA						NA	NA			NA		NA														
23MET2438	23lib38	23MET2438	BSS230618	2023	Champagne	Côte des Blancs	Cramant	BIONNES JEB	Conversion	4.018985	48.988723	Conversion	Scratching	Grassing	Grassing	FALSE	Spores	9971.47876315703	10088.7201435927	10569.9691761168	415.478281798209	657.960009364742	720.679716553419	NA	NA	NA	NA	NA	NA	NA	NA							NA						NA	NA			NA		NA														
23MET2439	23lib38	23MET2439	BSS230617	2023	Champagne	Côte des Blancs	Cramant	BATEAU AN39 JEB	Conversion	4.021354	48.995715	Conversion	Scratching	Grassing	Grassing	FALSE	Spores	16475.3434657168	16952.9099781761	15688.2105318256	1158.42258743321	763.644593611535	1045.88070212171	NA	NA	NA	NA	NA	NA	NA	NA							NA						NA	NA			NA		NA														
23MET2440	23lib38	23MET2440	BSS230616	2023	Champagne	Côte des Blancs	Cramant	TDB AM29 JEB	Conversion	4.016860	48.996831	Conversion	Scratching	Grassing	Grassing	FALSE	Spores	17834.4209285222	16444.7165082408	15230.6565779839	1181.08747871008	1011.98255435328	719.558578487428	NA	NA	NA	NA	NA	NA	NA	NA							NA						NA	NA			NA		NA														
23MET2444	23lib38	23MET2444	BSS230627	2023	Champagne	Côte des Blancs	Mireaux	Les MIREAUX JEB	Conversion	3.994317	48.984151	Conversion	Scratching	Grassing	Grassing	FALSE	Spores	14285.0446988699	13754.7264589564	13020.9508683934	1264.1632476876	1156.93960869727	944.524933458587	NA	NA	NA	NA	NA	NA	NA	NA							NA						NA	NA			NA		NA														
23MET2445	23lib38	23MET2445	BSS230626	2023	Champagne	Côte des Blancs	Mireaux	JEB VOISIN 2 MIREAUX	Conventional	3.994319	48.984222	Conventional	Herbicide	Grassing	Herbicide	FALSE	Spores	8832.73771577089	9477.31387958218	8693.52299355595	1442.07962706464	1332.74726431624	1317.20045356908	NA	NA	NA	NA	NA	NA	NA	NA							NA						NA	NA			NA		NA														
23MET2446	23lib38	23MET2446	BSS230625	2023	Champagne	Côte des Blancs	Mireaux	JEB VOISIN 1 MIREAUX DESSOUS	Conventional	3.994335	48.984188	Conventional	Herbicide	Herbicide	Herbicide	FALSE	Spores	8904.97774170168	8187.50217056372	9331.10396202128	356.199109668067	349.466556060647	417.032579308214	NA	NA	NA	NA	NA	NA	NA	NA							NA						NA	NA			NA		NA														
23MET2447	23lib38	23MET2447	BSS230624	2023	Champagne	Côte des Blancs	Avize	AVIZE Desh chimique en plein	Conventional	4.014914	48.976412	Conventional	Herbicide	Herbicide	Herbicide	FALSE	Spores	15149.8153161293	16669.5301977523	14648.9275539621	1343.93522965663	1201.40758181998	1311.84425856377	NA	NA	NA	NA	NA	NA	NA	NA							NA						NA	NA			NA		NA														
VA10	20LIB06	VA10	VA10	2020	Champagne	Côte des Bar	Les Riceys	Conversion	Conversion	4.352575	48.009496	Conversion	Scratching	Scratching	Scratching	FALSE	Spores	4001.112	3705.948	3410.784				141	53	194	228	330	558	248	632	8.2	15.6	26.832	1.48	10.5405405405405	22.3	205		203.112	384.807	11.78	11.1	87.5	14.81	16.93	56.54	8.38	2.11	0.31	93.75	13.81	14.73	60	8.29	5.88	0.81	100	12.81	12.81	57.56	7.38	31.71	4.06
VA18	20LIB06	VA18	VA18	2020	Champagne	Côte des Bar	Celles sur Ources	Organic weeded	Organic	4.424771	48.083533	Organic weeded	Scratching	Scratching	Scratching	FALSE	Spores	4715.172	4041.576	4362.336				153	46	199	71	318	389	412	474	8.1	23.8	40.936	2.4	9.91666666666667	61.8	307		384.2605	903.378	14.57	18.6	100	26.69	26.69	74.64	19.92	48.95	13.06	100	16.63	16.63	87.03	14.47	66.17	11	100	16.53	16.53	80.25	13.26	24.38	4.03
VA2	20LIB06	VA2	VA2	2020	Champagne	Côte des Bar	Les Riceys	Conventional	Conventional	4.392132	48.009899	Conventional	Herbicide	Scratching	Herbicide	FALSE	Spores	1754.724	2052.696	1887.156				189	41	230	126	319	445	325	403	8.1	20.9	35.948	1.92	10.8854166666667	11.9	249		275.4505	652.335	17.36	14.8	100	9.19	9.19	17.48	1.61	3.74	0.34	100	13.88	13.88	72.34	10.04	12.43	1.73	100	17	17	56.47	9.6	6.07	1.03
VA26	20LIB06	VA26	VA26	2020	Champagne	Côte des Bar	Bragelogne	Organic grassed	Organic	4.257326	47.977786	Organic grassed	Grassing	Grassing	Grassing	FALSE	Spores	4323.588	4357.632	4834.248				110	23	133	209	249	458	409	158	8.1	22.3	38.356	2.14	10.4205607476636	88.2	210		401.9925	682.479	13.33	20.7	100	19.06	19.06	49.34	9.41	13.93	2.66	93.75	16.56	17.67	79.81	13.22	10.75	1.78	93.75	20.38	21.73	44.36	9.04	25.77	5.25
VAA1	20LIB06	VAA1	VAA1	2020	Champagne	Côte des Bar	Les Riceys	Conventional	Conventional	4.392132	48.009899	Conventional	Herbicide	Scratching	Herbicide	FALSE	Roots							189	41	230	126	319	445	325	403	8.1	20.9	35.948	1.92	10.8854166666667	11.9	249		275.4505	652.335	17.36	14.8	100	9.19	9.19	17.48	1.61	3.74	0.34	100	13.88	13.88	72.34	10.04	12.43	1.73	100	17	17	56.47	9.6	6.07	1.03
VAA2	20LIB06	VAA2	VAA2	2020	Champagne	Côte des Bar	Les Riceys	Conversion	Conversion	4.352575	48.009496	Conversion	Scratching	Scratching	Scratching	FALSE	Roots							141	53	194	228	330	558	248	632	8.2	15.6	26.832	1.48	10.5405405405405	22.3	205		203.112	384.807	11.78	11.1	87.5	14.81	16.93	56.54	8.38	2.11	0.31	93.75	13.81	14.73	60	8.29	5.88	0.81	100	12.81	12.81	57.56	7.38	31.71	4.06
VAA3	20LIB06	VAA3	VAA3	2020	Champagne	Côte des Bar	Celles sur Ources	Organic weeded	Organic	4.424771	48.083533	Organic weeded	Scratching	Scratching	Scratching	FALSE	Roots							153	46	199	71	318	389	412	474	8.1	23.8	40.936	2.4	9.91666666666667	61.8	307		384.2605	903.378	14.57	18.6	100	26.69	26.69	74.64	19.92	48.95	13.06	100	16.63	16.63	87.03	14.47	66.17	11	100	16.53	16.53	80.25	13.26	24.38	4.03
VAA4	20LIB06	VAA4	VAA4	2020	Champagne	Côte des Bar	Bragelogne	Organic grassed	Organic	4.257326	47.977786	Organic grassed	Grassing	Grassing	Grassing	FALSE	Roots							110	23	133	209	249	458	409	158	8.1	22.3	38.356	2.14	10.4205607476636	88.2	210		401.9925	682.479	13.33	20.7	100	19.06	19.06	49.34	9.41	13.93	2.66	93.75	16.56	17.67	79.81	13.22	10.75	1.78	93.75	20.38	21.73	44.36	9.04	25.77	5.25
VAB1	20LIB06	VAB1	VAB1	2020	Champagne	Côte des Bar	Les Riceys	Conventional	Conventional	4.392132	48.009899	Conventional	Herbicide	Scratching	Herbicide	FALSE	Mycelium							189	41	230	126	319	445	325	403	8.1	20.9	35.948	1.92	10.8854166666667	11.9	249		275.4505	652.335	17.36	14.8	100	9.19	9.19	17.48	1.61	3.74	0.34	100	13.88	13.88	72.34	10.04	12.43	1.73	100	17	17	56.47	9.6	6.07	1.03
VAB3	20LIB06	VAB3	VAB3	2020	Champagne	Côte des Bar	Celles sur Ources	Organic weeded	Organic	4.424771	48.083533	Organic weeded	Scratching	Scratching	Scratching	FALSE	Mycelium							153	46	199	71	318	389	412	474	8.1	23.8	40.936	2.4	9.91666666666667	61.8	307		384.2605	903.378	14.57	18.6	100	26.69	26.69	74.64	19.92	48.95	13.06	100	16.63	16.63	87.03	14.47	66.17	11	100	16.53	16.53	80.25	13.26	24.38	4.03
VAB4	20LIB06	VAB4	VAB4	2020	Champagne	Côte des Bar	Bragelogne	Organic grassed	Organic	4.257326	47.977786	Organic grassed	Grassing	Grassing	Grassing	FALSE	Mycelium							110	23	133	209	249	458	409	158	8.1	22.3	38.356	2.14	10.4205607476636	88.2	210		401.9925	682.479	13.33	20.7	100	19.06	19.06	49.34	9.41	13.93	2.66	93.75	16.56	17.67	79.81	13.22	10.75	1.78	93.75	20.38	21.73	44.36	9.04	25.77	5.25
VCM10	20LIB06	VCM10	VCM10	2020	Bourgogne	Mercurey	Mercurey	Conversion	Conversion	4.723623	46.836454	Conversion	Scratching	Scratching	Scratching	FALSE	Spores	5408.34	5043.36	4910.64				139	59	198	180	256	436	366	284	8.1	17.8	30.616	1.81	9.83425414364641	71.7	515		314.34	976.383	10.54	18.1	68.75	2.44	3.55	53.59	1.31	14.87	0.36	75	6.63	8.83	35.94	2.38	3.77	0.25	68.75	4.5	6.55	71.11	3.2	23.75	1.07
VCM18	20LIB06	VCM18	VCM18	2020	Bourgogne	Mercurey	Mercurey	Organic weeded	Organic	4.723056	46.837691	Organic weeded	Scratching	Scratching	Scratching	FALSE	Spores	5492.688	5124.276	5191.26				83	40	123	171	252	423	454	134	8	21.7	37.324	1.87	11.6042780748663	62.4	322		352.222	987.687	14.57	24.1	87.5	14.69	16.79	47.87	7.03	23.19	3.41	100	17.56	17.56	81.53	14.32	35.41	6.22	93.75	19.06	20.33	63.44	12.09	35.9	6.84
VCM2	20LIB06	VCM2	VCM2	2020	Bourgogne	Mercurey	Mercurey	Conventional	Conventional	4.724273	46.834108	Conventional	Herbicide	Scratching	Herbicide	FALSE	Spores	3552.336	4078.608	3486.552				116	55	171	227	277	504	325	442	8.2	17.3	29.756	1.66	10.421686746988	60.9	133		277.0625	550.128	12.71	16.5	87.5	3.13	3.57	57.4	1.79	2.6	0.08	81.25	8.25	10.15	41.36	3.41	8.79	0.73	75	3.25	4.33	40.77	1.33	4.23	0.14
VCM26	20LIB06	VCM26	VCM26	2020	Bourgogne	Mercurey	Mercurey	Organic grassed	Organic	4.724273	46.834108	Organic grassed	Scratching	Grassing	Grassing	FALSE	Spores	4853.04	4587.12	4055.28				99	56	155	111	240	351	494	126	7.9	24.9	42.828	2.24	11.1160714285714	118.2	960		318.37	1048.917	15.5	21.9	93.75	18.13	19.33	72.93	13.22	30.52	5.53	100	36.25	36.25	60.86	22.06	35.52	12.88	100	35.31	35.31	36.37	12.84	19.56	6.91
VCMA1	20LIB06	VCMA1	VCMA1	2020	Bourgogne	Mercurey	Mercurey	Conventional	Conventional	4.724273	46.834108	Conventional	Herbicide	Scratching	Herbicide	FALSE	Roots							116	55	171	227	277	504	325	442	8.2	17.3	29.756	1.66	10.421686746988	60.9	133		277.0625	550.128	12.71	16.5	87.5	3.13	3.57	57.4	1.79	2.6	0.08	81.25	8.25	10.15	41.36	3.41	8.79	0.73	75	3.25	4.33	40.77	1.33	4.23	0.14
VCMA2	20LIB06	VCMA2	VCMA2	2020	Bourgogne	Mercurey	Mercurey	Conversion	Conversion	4.723623	46.836454	Conversion	Scratching	Scratching	Scratching	FALSE	Roots							139	59	198	180	256	436	366	284	8.1	17.8	30.616	1.81	9.83425414364641	71.7	515		314.34	976.383	10.54	18.1	68.75	2.44	3.55	53.59	1.31	14.87	0.36	75	6.63	8.83	35.94	2.38	3.77	0.25	68.75	4.5	6.55	71.11	3.2	23.75	1.07
VCMA3	20LIB06	VCMA3	VCMA3	2020	Bourgogne	Mercurey	Mercurey	Organic weeded	Organic	4.723056	46.837691	Organic weeded	Scratching	Scratching	Scratching	FALSE	Roots							83	40	123	171	252	423	454	134	8	21.7	37.324	1.87	11.6042780748663	62.4	322		352.222	987.687	14.57	24.1	87.5	14.69	16.79	47.87	7.03	23.19	3.41	100	17.56	17.56	81.53	14.32	35.41	6.22	93.75	19.06	20.33	63.44	12.09	35.9	6.84
VCMA4	20LIB06	VCMA4	VCMA4	2020	Bourgogne	Mercurey	Mercurey	Organic grassed	Organic	4.724273	46.834108	Organic grassed	Scratching	Grassing	Grassing	FALSE	Roots							99	56	155	111	240	351	494	126	7.9	24.9	42.828	2.24	11.1160714285714	118.2	960		318.37	1048.917	15.5	21.9	93.75	18.13	19.33	72.93	13.22	30.52	5.53	100	36.25	36.25	60.86	22.06	35.52	12.88	100	35.31	35.31	36.37	12.84	19.56	6.91
VCMB1	20LIB06	VCMB1	VCMB1	2020	Bourgogne	Mercurey	Mercurey	Conventional	Conventional	4.724273	46.834108	Conventional	Herbicide	Scratching	Herbicide	FALSE	Mycelium							116	55	171	227	277	504	325	442	8.2	17.3	29.756	1.66	10.421686746988	60.9	133		277.0625	550.128	12.71	16.5	87.5	3.13	3.57	57.4	1.79	2.6	0.08	81.25	8.25	10.15	41.36	3.41	8.79	0.73	75	3.25	4.33	40.77	1.33	4.23	0.14
VCMB2	20LIB06	VCMB2	VCMB2	2020	Bourgogne	Mercurey	Mercurey	Conversion	Conversion	4.723623	46.836454	Conversion	Scratching	Scratching	Scratching	FALSE	Mycelium							139	59	198	180	256	436	366	284	8.1	17.8	30.616	1.81	9.83425414364641	71.7	515		314.34	976.383	10.54	18.1	68.75	2.44	3.55	53.59	1.31	14.87	0.36	75	6.63	8.83	35.94	2.38	3.77	0.25	68.75	4.5	6.55	71.11	3.2	23.75	1.07
VCMB4	20LIB06	VCMB4	VCMB4	2020	Bourgogne	Mercurey	Mercurey	Organic grassed	Organic	4.724273	46.834108	Organic grassed	Scratching	Grassing	Grassing	FALSE	Mycelium							99	56	155	111	240	351	494	126	7.9	24.9	42.828	2.24	11.1160714285714	118.2	960		318.37	1048.917	15.5	21.9	93.75	18.13	19.33	72.93	13.22	30.52	5.53	100	36.25	36.25	60.86	22.06	35.52	12.88	100	35.31	35.31	36.37	12.84	19.56	6.91
VG10	20LIB06	VG10	VG10	2020	Rhône	Gigondas	Gigondas	Conversion	Conversion	5.036597	44.204759	Conversion	Scratching	Scratching	Scratching	FALSE	Spores	10932.096	10734.528	9944.256				153	63	216	75	255	330	454	218	8.3	24	41.28	2.06	11.6504854368932	47.3	151		334.49	558.135	8.68	24.1	100	9.44	9.44	87.09	8.22	3.31	0.31	100	11	11	94.03	10.34	2.84	0.31	100	9.19	9.19	90.88	8.34	5.1	0.47
VG18	20LIB06	VG18	VG18	2020	Rhône	Gigondas	Gigondas	Organic weeded	Organic	5.037874	44.204845	Organic weeded	Scratching	Scratching	Scratching	FALSE	Spores	12597.636	14538.264	13518.612				60	71	131	73	412	485	384	75	8.3	20.3	34.916	1.64	12.3780487804878	29.3	95		390.7085	500.673	19.22	20	100	24.38	24.38	86.3	12.41	60	8.63	100	16.88	16.88	93.89	15.84	53.52	9.03	100	23.67	23.67	93.66	22.17	80.28	19
VG2	20LIB06	VG2	VG2	2020	Rhône	Gigondas	Gigondas	Conventional	Conventional	5.043139	44.202317	Conventional	Herbicide	Grassing	Herbicide	FALSE	Spores	8383.68	9235.68	8588.16				47	124	171	123	389	512	317	90	8.4	15.9	27.348	1.34	11.865671641791	16.3	74		246.8375	353.721	11.78	13.9	100	13.88	13.88	79.55	11.04	11.49	1.59	100	12.56	12.56	92.34	11.6	12.69	1.59	100	14.13	14.13	86.73	12.25	16.59	2.34
VG26	20LIB06	VG26	VG26	2020	Rhône	Gigondas	Gigondas	Organic grassed	Organic	5.043463	44.201088	Organic grassed	Grassing	Grassing	Grassing	FALSE	Spores	16569.792	16473.456	16248.672				36	81	117	220	421	641	242	90	8.2	18	30.96	1.43	12.5874125874126	28.8	70		264.5695	315.57	13.64	15.4	100	27.5	37.5	94.66	26.03	52.73	14.5	100	34.44	34.44	95.75	32.98	57.44	19.78	100	45.94	45.94	95.24	43.75	61.02	28.03
VGA1	20LIB06	VGA1	VGA1	2020	Rhône	Gigondas	Gigondas	Conventional	Conventional	5.043139	44.202317	Conventional	Herbicide	Grassing	Herbicide	FALSE	Roots							47	124	171	123	389	512	317	90	8.4	15.9	27.348	1.34	11.865671641791	16.3	74		246.8375	353.721	11.78	13.9	100	13.88	13.88	79.55	11.04	11.49	1.59	100	12.56	12.56	92.34	11.6	12.69	1.59	100	14.13	14.13	86.73	12.25	16.59	2.34
VGA2	20LIB06	VGA2	VGA2	2020	Rhône	Gigondas	Gigondas	Conversion	Conversion	5.036597	44.204759	Conversion	Scratching	Scratching	Scratching	FALSE	Roots							153	63	216	75	255	330	454	218	8.3	24	41.28	2.06	11.6504854368932	47.3	151		334.49	558.135	8.68	24.1	100	9.44	9.44	87.09	8.22	3.31	0.31	100	11	11	94.03	10.34	2.84	0.31	100	9.19	9.19	90.88	8.34	5.1	0.47
VGA3	20LIB06	VGA3	VGA3	2020	Rhône	Gigondas	Gigondas	Organic weeded	Organic	5.037874	44.204845	Organic weeded	Scratching	Scratching	Scratching	FALSE	Roots							60	71	131	73	412	485	384	75	8.3	20.3	34.916	1.64	12.3780487804878	29.3	95		390.7085	500.673	19.22	20	100	24.38	24.38	86.3	12.41	60	8.63	100	16.88	16.88	93.89	15.84	53.52	9.03	100	23.67	23.67	93.66	22.17	80.28	19
VGA4	20LIB06	VGA4	VGA4	2020	Rhône	Gigondas	Gigondas	Organic grassed	Organic	5.043463	44.201088	Organic grassed	Grassing	Grassing	Grassing	FALSE	Roots							36	81	117	220	421	641	242	90	8.2	18	30.96	1.43	12.5874125874126	28.8	70		264.5695	315.57	13.64	15.4	100	27.5	37.5	94.66	26.03	52.73	14.5	100	34.44	34.44	95.75	32.98	57.44	19.78	100	45.94	45.94	95.24	43.75	61.02	28.03
VGB1	20LIB06	VGB1	VGB1	2020	Rhône	Gigondas	Gigondas	Conventional	Conventional	5.043139	44.202317	Conventional	Herbicide	Grassing	Herbicide	FALSE	Mycelium							47	124	171	123	389	512	317	90	8.4	15.9	27.348	1.34	11.865671641791	16.3	74		246.8375	353.721	11.78	13.9	100	13.88	13.88	79.55	11.04	11.49	1.59	100	12.56	12.56	92.34	11.6	12.69	1.59	100	14.13	14.13	86.73	12.25	16.59	2.34
VGB2	20LIB06	VGB2	VGB2	2020	Rhône	Gigondas	Gigondas	Conversion	Conversion	5.036597	44.204759	Conversion	Scratching	Scratching	Scratching	FALSE	Mycelium							153	63	216	75	255	330	454	218	8.3	24	41.28	2.06	11.6504854368932	47.3	151		334.49	558.135	8.68	24.1	100	9.44	9.44	87.09	8.22	3.31	0.31	100	11	11	94.03	10.34	2.84	0.31	100	9.19	9.19	90.88	8.34	5.1	0.47
VGB3	20LIB06	VGB3	VGB3	2020	Rhône	Gigondas	Gigondas	Organic weeded	Organic	5.037874	44.204845	Organic weeded	Scratching	Scratching	Scratching	FALSE	Mycelium							60	71	131	73	412	485	384	75	8.3	20.3	34.916	1.64	12.3780487804878	29.3	95		390.7085	500.673	19.22	20	100	24.38	24.38	86.3	12.41	60	8.63	100	16.88	16.88	93.89	15.84	53.52	9.03	100	23.67	23.67	93.66	22.17	80.28	19
VGB4	20LIB06	VGB4	VGB4	2020	Rhône	Gigondas	Gigondas	Organic grassed	Organic	5.043463	44.201088	Organic grassed	Grassing	Grassing	Grassing	FALSE	Mycelium							36	81	117	220	421	641	242	90	8.2	18	30.96	1.43	12.5874125874126	28.8	70		264.5695	315.57	13.64	15.4	100	27.5	37.5	94.66	26.03	52.73	14.5	100	34.44	34.44	95.75	32.98	57.44	19.78	100	45.94	45.94	95.24	43.75	61.02	28.03
VL10	20LIB06	VL10	VL10	2020	Bordelais	Langoiran	Langoiran	Conversion	Conversion	-0.385228	44.70705	Conversion	Scratching	Grassing	Grassing	FALSE	Spores	3562.704	3826.608	3232.824				241	114	355	283	161	444	201	0	6.9	15.3	26.316	1.42	10.7746478873239	49.2	237	2522.818	197.47	343.359	18.29	10.6	81.25	5.13	6.31	69.15	3.54	20.73	1.06	87.5	5.19	5.93	66.51	3.45	6.14	0.32	87.5	6.75	7.71	83.8	5.66	7.5	0.51
VL18	20LIB06	VL18	VL18	2020	Bordelais	Langoiran	Langoiran	Conventional	Conventional	-0.384545	44.702874	Conventional	Scratching	Grassing	Grassing	FALSE	Spores	3654.336	3523.824	3850.104				274	116	390	274	162	436	174	0	6.7	15.1	25.972	1.45	10.4137931034483	87.6	234	2456.221	200.4925	224.667	15.81	9.2	87.5	3.38	3.86	56.67	1.91	3.7	0.13	87.5	4.69	5.36	75.73	3.55	22.27	1.04	87.5	7	8	74.11	5.19	65.63	4.59
VL2	20LIB06	VL2	VL2	2020	Bordelais	Langoiran	Langoiran	Conventional chimique	Conventional	-0.356503	44.713204	Conventional	Herbicide	Herbicide	Herbicide	FALSE	Spores	1694.16	1498.68	1368.36				307	71	378	286	136	422	200	0	5.5	6.5	11.18	0.8	8.125	42.5	147	1067.238	125.333	349.482	13.33	7	81.25	2.56	3.15	44.63	1.14	3.66	0.09	81.25	4.88	6	65.38	3.19	5.77	0.28	81.25	4.88	6	60.51	2.95	21.41	1.04
VL26	20LIB06	VL26	VL26	2020	Bordelais	Langoiran	Langoiran	Organic grassed	Organic	-0.382171	44.705779	Organic grassed	Scratching	Grassing	Grassing	FALSE	Spores	3952.344	4180.992	4670.952				166	95	261	359	192	551	188	0	6.6	14	24.08	1.46	9.58904109589041	77.4	143	2443.014	322.803	344.301	20.77	10.6	93.75	9.38	10	87.33	8.19	23.33	2.19	100	7.88	11	71.03	5.59	25	1.97	100	7.63	11	80.74	6.16	50.41	3.84
VL34	20LIB06	VL34	VL34	2020	Bordelais	Langoiran	Langoiran	Conventional Terra Vitis	Conventional	-0.376892	44.705511	Organic grassed	Scratching	Grassing	Grassing	FALSE	Spores	3847.272	4108.104	3619.044				178	120	298	344	175	519	183	0	6.3	9.9	17.028	0.92	10.7608695652174	31.9	110	1897.874	208.5525	140.358	17.98	7.7	100	10.75	10.75	63.95	6.88	3.2	0.34	93.75	15.69	16.73	90.28	14.16	55.42	8.69	93.75	9.13	9.73	78.77	7.19	45.62	4.16
VLA1	20LIB06	VLA1	VLA1	2020	Bordelais	Langoiran	Langoiran	Conventional chimique	Conventional	-0.356503	44.713204	Conventional	Herbicide	Herbicide	Herbicide	FALSE	Roots							307	71	378	286	136	422	200	0	5.5	6.5	11.18	0.8	8.125	42.5	147	1067.238	125.333	349.482	13.33	7	81.25	2.56	3.15	44.63	1.14	3.66	0.09	81.25	4.88	6	65.38	3.19	5.77	0.28	81.25	4.88	6	60.51	2.95	21.41	1.04
VLA2	20LIB06	VLA2	VLA2	2020	Bordelais	Langoiran	Langoiran	Conversion	Conversion	-0.385228	44.70705	Conversion	Scratching	Grassing	Grassing	FALSE	Roots							241	114	355	283	161	444	201	0	6.9	15.3	26.316	1.42	10.7746478873239	49.2	237	2522.818	197.47	343.359	18.29	10.6	81.25	5.13	6.31	69.15	3.54	20.73	1.06	87.5	5.19	5.93	66.51	3.45	6.14	0.32	87.5	6.75	7.71	83.8	5.66	7.5	0.51
VLA3	20LIB06	VLA3	VLA3	2020	Bordelais	Langoiran	Langoiran	Conventional	Conventional	-0.384545	44.702874	Conventional	Scratching	Grassing	Grassing	FALSE	Roots							274	116	390	274	162	436	174	0	6.7	15.1	25.972	1.45	10.4137931034483	87.6	234	2456.221	200.4925	224.667	15.81	9.2	87.5	3.38	3.86	56.67	1.91	3.7	0.13	87.5	4.69	5.36	75.73	3.55	22.27	1.04	87.5	7	8	74.11	5.19	65.63	4.59
VLA4	20LIB06	VLA4	VLA4	2020	Bordelais	Langoiran	Langoiran	Organic grassed	Organic	-0.382171	44.705779	Organic grassed	Scratching	Grassing	Grassing	FALSE	Roots							166	95	261	359	192	551	188	0	6.6	14	24.08	1.46	9.58904109589041	77.4	143	2443.014	322.803	344.301	20.77	10.6	93.75	9.38	10	87.33	8.19	23.33	2.19	100	7.88	11	71.03	5.59	25	1.97	100	7.63	11	80.74	6.16	50.41	3.84
VLA5	20LIB06	VLA5	VLA5	2020	Bordelais	Langoiran	Langoiran	Conventional Terra Vitis	Conventional	-0.376892	44.705511	Organic grassed	Scratching	Grassing	Grassing	FALSE	Roots							178	120	298	344	175	519	183	0	6.3	9.9	17.028	0.92	10.7608695652174	31.9	110	1897.874	208.5525	140.358	17.98	7.7	100	10.75	10.75	63.95	6.88	3.2	0.34	93.75	15.69	16.73	90.28	14.16	55.42	8.69	93.75	9.13	9.73	78.77	7.19	45.62	4.16
VLB1	20LIB06	VLB1	VLB1	2020	Bordelais	Langoiran	Langoiran	Conventional chimique	Conventional	-0.356503	44.713204	Conventional	Herbicide	Herbicide	Herbicide	FALSE	Mycelium							307	71	378	286	136	422	200	0	5.5	6.5	11.18	0.8	8.125	42.5	147	1067.238	125.333	349.482	13.33	7	81.25	2.56	3.15	44.63	1.14	3.66	0.09	81.25	4.88	6	65.38	3.19	5.77	0.28	81.25	4.88	6	60.51	2.95	21.41	1.04
VLB2	20LIB06	VLB2	VLB2	2020	Bordelais	Langoiran	Langoiran	Conversion	Conversion	-0.385228	44.70705	Conversion	Scratching	Grassing	Grassing	FALSE	Mycelium							241	114	355	283	161	444	201	0	6.9	15.3	26.316	1.42	10.7746478873239	49.2	237	2522.818	197.47	343.359	18.29	10.6	81.25	5.13	6.31	69.15	3.54	20.73	1.06	87.5	5.19	5.93	66.51	3.45	6.14	0.32	87.5	6.75	7.71	83.8	5.66	7.5	0.51
VLB3	20LIB06	VLB3	VLB3	2020	Bordelais	Langoiran	Langoiran	Conventional	Conventional	-0.384545	44.702874	Conventional	Scratching	Grassing	Grassing	FALSE	Mycelium							274	116	390	274	162	436	174	0	6.7	15.1	25.972	1.45	10.4137931034483	87.6	234	2456.221	200.4925	224.667	15.81	9.2	87.5	3.38	3.86	56.67	1.91	3.7	0.13	87.5	4.69	5.36	75.73	3.55	22.27	1.04	87.5	7	8	74.11	5.19	65.63	4.59
VLB5	20LIB06	VLB5	VLB5	2020	Bordelais	Langoiran	Langoiran	Conventional Terra Vitis	Conventional	-0.376892	44.705511	Organic grassed	Scratching	Grassing	Grassing	FALSE	Mycelium							178	120	298	344	175	519	183	0	6.3	9.9	17.028	0.92	10.7608695652174	31.9	110	1897.874	208.5525	140.358	17.98	7.7	100	10.75	10.75	63.95	6.88	3.2	0.34	93.75	15.69	16.73	90.28	14.16	55.42	8.69	93.75	9.13	9.73	78.77	7.19	45.62	4.16
VM10	20LIB06	VM10	VM10	2020	Champagne	Vallee de la Marne	Vincelles	Conversion	Conversion	3.639405	49.097759	Conversion	Scratching	Scratching	Scratching	FALSE	Spores	2249.712	1720.368	2216.628				65	85	150	232	258	490	360	174	8.1	18	30.96	1.6	11.25	23.4	369		840.0535	586.395	20.46	16.2	87.5	10.13	11.57	93.21	9.44	8.33	0.84	93.75	10.44	11.13	92.22	9.63	24.25	2.53	93.75	12.5	13.33	78.25	9.78	39.5	4.94
VM18	20LIB06	VM18	VM18	2020	Champagne	Vallee de la Marne	Mardeuil	Organic weeded	Organic	3.909936	49.050076	Organic weeded	Scratching	Scratching	Scratching	FALSE	Spores	2698.164	3055.752	3445.848				111	90	201	264	182	446	353	142	7.7	34.7	59.684	2.74	12.6642335766423	164	920		656.487	1250.505	13.02	24.8	100	36.25	36.25	75.1724137931034	27.25	25.68	9.31	100	52.5	52.5	82.3809523809524	43.25	27.67	14.53	100	28.13	28.13	91.22	25.66	38.11	10.72
VM2	20LIB06	VM2	VM2	2020	Champagne	Vallee de la Marne	Vincelles	Conventional	Conventional	3.931795	49.077467	Conventional	Herbicide	Scratching	Herbicide	FALSE	Spores	996.588	867.996	803.7				114	298	412	125	185	310	278	237	8.1	19	32.68	1.57	12.1019108280255	77.1	413		285.5255	397.995	13.95	13.8	87.5	6.5	7.43	37.02	2.41	9.62	0.63	93.75	15.13	16.13	72.46	10.95	16.53	2.5	87.5	8.06	9.21	92.02	7.42	47.83	3.86
VM26	20LIB06	VM26	VM26	2020	Champagne	Vallee de la Marne	Mardeuil	Organic grassed	Organic	3.937261	49.050847	Organic grassed	Grassing	Scratching	Grassing	FALSE	Spores	4317.984	4121.712	4743.24				123	113	236	208	239	447	317	316	8	36.4	62.608	2.68	13.5820895522388	23.2	492		411.463	915.153	11.78	17.2	100	31.94	31.94	83.86	26.78	37.18	11.88	100	49.38	49.38	81.71	40.34	39.56	19.53	100	46.88	46.88	86	40.31	38.8	18.19
VMA1	20LIB06	VMA1	VMA1	2020	Champagne	Vallee de la Marne	Vincelles	Conventional	Conventional	3.931795	49.077467	Conventional	Herbicide	Scratching	Herbicide	FALSE	Roots							114	298	412	125	185	310	278	237	8.1	19	32.68	1.57	12.1019108280255	77.1	413		285.5255	397.995	13.95	13.8	87.5	6.5	7.43	37.02	2.41	9.62	0.63	93.75	15.13	16.13	72.46	10.95	16.53	2.5	87.5	8.06	9.21	92.02	7.42	47.83	3.86
VMA2	20LIB06	VMA2	VMA2	2020	Champagne	Vallee de la Marne	Vincelles	Conversion	Conversion	3.639405	49.097759	Conversion	Scratching	Scratching	Scratching	FALSE	Roots							65	85	150	232	258	490	360	174	8.1	18	30.96	1.6	11.25	23.4	369		840.0535	586.395	20.46	16.2	87.5	10.13	11.57	93.21	9.44	8.33	0.84	93.75	10.44	11.13	92.22	9.63	24.25	2.53	93.75	12.5	13.33	78.25	9.78	39.5	4.94
VMA3	20LIB06	VMA3	VMA3	2020	Champagne	Vallee de la Marne	Mardeuil	Organic weeded	Organic	3.909936	49.050076	Organic weeded	Scratching	Scratching	Scratching	FALSE	Roots							111	90	201	264	182	446	353	142	7.7	34.7	59.684	2.74	12.6642335766423	164	920		656.487	1250.505	13.02	24.8	100	36.25	36.25	75.1724137931034	27.25	25.68	9.31	100	52.5	52.5	82.3809523809524	43.25	27.67	14.53	100	28.13	28.13	91.22	25.66	38.11	10.72
VMA4	20LIB06	VMA4	VMA4	2020	Champagne	Vallee de la Marne	Mardeuil	Organic grassed	Organic	3.937261	49.050847	Organic grassed	Grassing	Scratching	Grassing	FALSE	Roots							123	113	236	208	239	447	317	316	8	36.4	62.608	2.68	13.5820895522388	23.2	492		411.463	915.153	11.78	17.2	100	31.94	31.94	83.86	26.78	37.18	11.88	100	49.38	49.38	81.71	40.34	39.56	19.53	100	46.88	46.88	86	40.31	38.8	18.19
VMB1	20LIB06	VMB1	VMB1	2020	Champagne	Vallee de la Marne	Vincelles	Conventional	Conventional	3.931795	49.077467	Conventional	Herbicide	Scratching	Herbicide	FALSE	Mycelium							114	298	412	125	185	310	278	237	8.1	19	32.68	1.57	12.1019108280255	77.1	413		285.5255	397.995	13.95	13.8	87.5	6.5	7.43	37.02	2.41	9.62	0.63	93.75	15.13	16.13	72.46	10.95	16.53	2.5	87.5	8.06	9.21	92.02	7.42	47.83	3.86
VMB3	20LIB06	VMB3	VMB3	2020	Champagne	Vallee de la Marne	Mardeuil	Organic weeded	Organic	3.909936	49.050076	Organic weeded	Scratching	Scratching	Scratching	FALSE	Mycelium							111	90	201	264	182	446	353	142	7.7	34.7	59.684	2.74	12.6642335766423	164	920		656.487	1250.505	13.02	24.8	100	36.25	36.25	75.1724137931034	27.25	25.68	9.31	100	52.5	52.5	82.3809523809524	43.25	27.67	14.53	100	28.13	28.13	91.22	25.66	38.11	10.72
VR10	20LIB06	VR10	VR10	2020	Bordelais	Rian	Rian	Conversion	Conversion	-0.335803	44.663852	Conversion	Scratching	Grassing	Grassing	FALSE	Spores	4691.112	3997.356	4360.752				256	116	372	116	138	254	374	30	8	14.8	25.456	1.48	10	43.6	151		248.248	615.597	21.7	17.5	81.25	8.5	10.46	74.71	6.35	23.53	2	87.5	7	8	76.07	5.33	30.8	2.16	81.25	6.69	8.23	83.64	5.59	61.68	4.13
VR18	20LIB06	VR18	VR18	2020	Bordelais	Rian	Rian	Organic grassed	Organic	-0.337082	44.667795	Organic grassed	Scratching	Grassing	Grassing	FALSE	Spores	3194.016	3845.856	3324.384				324	164	488	233	155	388	124	0	5.8	15.5	26.66	1.4	11.0714285714286	68.4	165	1275.178	238.7775	215.718	19.53	7.1	93.75	7.56	8.07	83.14	6.29	16.94	1.28	93.75	10.44	11.13	73.71	7.69	38.62	4.03	87.5	8.56	9.79	91.39	7.83	47.08	4.03
VR2	20LIB06	VR2	VR2	2020	Bordelais	Rian	Rian	Conventional Terra Vitis	Conventional	-0.333922	44.664188	Organic grassed	Scratching	Grassing	Grassing	FALSE	Spores	3415.32	3995.28	3576.42				345	132	477	121	149	270	253	60	7.9	12.8	22.016	1.12	11.4285714285714	28.2	86		243.6135	286.839	19.22	12.1	81.25	6.44	7.92	67.57	4.35	19.42	1.25	87.5	5.19	5.93	69.88	3.63	20.48	1.06	93.75	7.06	7.53	79.03	5.58	28.41	2.01
VRA1	20LIB06	VRA1	VRA1	2020	Bordelais	Rian	Rian	Conventional Terra Vitis	Conventional	-0.333922	44.664188	Organic grassed	Scratching	Grassing	Grassing	FALSE	Roots							345	132	477	121	149	270	253	60	7.9	12.8	22.016	1.12	11.4285714285714	28.2	86		243.6135	286.839	19.22	12.1	81.25	6.44	7.92	67.57	4.35	19.42	1.25	87.5	5.19	5.93	69.88	3.63	20.48	1.06	93.75	7.06	7.53	79.03	5.58	28.41	2.01
VRA2	20LIB06	VRA2	VRA2	2020	Bordelais	Rian	Rian	Conversion	Conversion	-0.335803	44.663852	Conversion	Scratching	Grassing	Grassing	FALSE	Roots							256	116	372	116	138	254	374	30	8	14.8	25.456	1.48	10	43.6	151		248.248	615.597	21.7	17.5	81.25	8.5	10.46	74.71	6.35	23.53	2	87.5	7	8	76.07	5.33	30.8	2.16	81.25	6.69	8.23	83.64	5.59	61.68	4.13
VRA3	20LIB06	VRA3	VRA3	2020	Bordelais	Rian	Rian	Organic grassed	Organic	-0.337082	44.667795	Organic grassed	Scratching	Grassing	Grassing	FALSE	Roots							324	164	488	233	155	388	124	0	5.8	15.5	26.66	1.4	11.0714285714286	68.4	165	1275.178	238.7775	215.718	19.53	7.1	93.75	7.56	8.07	83.14	6.29	16.94	1.28	93.75	10.44	11.13	73.71	7.69	38.62	4.03	87.5	8.56	9.79	91.39	7.83	47.08	4.03
VRB1	20LIB06	VRB1	VRB1	2020	Bordelais	Rian	Rian	Conventional Terra Vitis	Conventional	-0.333922	44.664188	Organic grassed	Scratching	Grassing	Grassing	FALSE	Mycelium							345	132	477	121	149	270	253	60	7.9	12.8	22.016	1.12	11.4285714285714	28.2	86		243.6135	286.839	19.22	12.1	81.25	6.44	7.92	67.57	4.35	19.42	1.25	87.5	5.19	5.93	69.88	3.63	20.48	1.06	93.75	7.06	7.53	79.03	5.58	28.41	2.01
VRB2	20LIB06	VRB2	VRB2	2020	Bordelais	Rian	Rian	Conversion	Conversion	-0.335803	44.663852	Conversion	Scratching	Grassing	Grassing	FALSE	Mycelium							256	116	372	116	138	254	374	30	8	14.8	25.456	1.48	10	43.6	151		248.248	615.597	21.7	17.5	81.25	8.5	10.46	74.71	6.35	23.53	2	87.5	7	8	76.07	5.33	30.8	2.16	81.25	6.69	8.23	83.64	5.59	61.68	4.13
VRB3	20LIB06	VRB3	VRB3	2020	Bordelais	Rian	Rian	Organic grassed	Organic	-0.337082	44.667795	Organic grassed	Scratching	Grassing	Grassing	FALSE	Mycelium							324	164	488	233	155	388	124	0	5.8	15.5	26.66	1.4	11.0714285714286	68.4	165	1275.178	238.7775	215.718	19.53	7.1	93.75	7.56	8.07	83.14	6.29	16.94	1.28	93.75	10.44	11.13	73.71	7.69	38.62	4.03	87.5	8.56	9.79	91.39	7.83	47.08	4.03
VS10	20LIB06	VS10	VS10	2020	Camargue	Montcalm	Montcalm	Conversion	Conversion	4.331302	43.573055	Conversion	Scratching	Scratching	Scratching	FALSE	Spores	1199.484	1414.776	1107.216				525	402	927	13	22	35	38	195	8.6	4.5	7.74	0.51	8.82352941176471	41.8	258		97.7275	153.546	7.75	2.1	100	5.56	5.56	51.35	2.86	5.62	0.31	100	5.56	5.56	65.73	3.66	4.49	0.25	100	6.06	6.06	57.94	3.51	5.15	0.31
VS18	20LIB06	VS18	VS18	2020	Camargue	Aiguesmortes	Aiguesmortes	Conventional	Conventional	4.234737	43.586092	Conventional	Scratching	Scratching	Scratching	FALSE	Spores	834.948	1113.264	1051.416				536	419	955	10	11	21	24	150	8.4	5	8.6	0.59	8.47457627118644	69.3	356		83.421	96.555	6.51	2.2	100	16.69	16.69	53.98	8.98	7.14	1.19	100	14.81	14.81	95.02	14.08	41.98	6.22	100	10.5	10.5	75.36	7.91	23.87	2.51
VS2	20LIB06	VS2	VS2	2020	Camargue	Montcalm	Montcalm	Conventional	Conventional	4.320967	43.584075	Conventional	Scratching	Scratching	Scratching	FALSE	Spores	1254.6	1530	1407.6				618	271	889	5	50	55	56	180	8.6	7	12.04	0.74	9.45945945945946	56.7	359		156.5655	163.437	11.16	2.6	93.75	3.94	4.2	75.71	2.98	4.76	0.19	93.75	7.56	8.07	38.93	2.94	3.72	0.28	93.75	3.19	3.4	62.35	1.99	1.96	0.06
VS26	20LIB06	VS26	VS26	2020	Camargue	Aiguesmortes	Aiguesmortes	Conversion	Conversion	4.214626	43.555538	Conversion	Scratching	Scratching	Scratching	FALSE	Spores	1808.94	1502.34	1410.36				546	401	947	13	15	28	25	210	8.4	5.8	9.976	0.52	11.1538461538462	72.9	301		85.2345	93.729	15.81	2.1	100	8.94	8.94	57.13	5.11	22.03	1.97	93.75	10.19	10.87	89.08	9.08	19.02	1.94	93.75	8.13	8.67	9.15	7.33	23.85	1.94
VSA2	20LIB06	VSA2	VSA2	2020	Camargue	Montcalm	Montcalm	Conversion	Conversion	4.331302	43.573055	Conversion	Scratching	Scratching	Scratching	FALSE	Roots							525	402	927	13	22	35	38	195	8.6	4.5	7.74	0.51	8.82352941176471	41.8	258		97.7275	153.546	7.75	2.1	100	5.56	5.56	51.35	2.86	5.62	0.31	100	5.56	5.56	65.73	3.66	4.49	0.25	100	6.06	6.06	57.94	3.51	5.15	0.31
VSA3	20LIB06	VSA3	VSA3	2020	Camargue	Aiguesmortes	Aiguesmortes	Conventional	Conventional	4.234737	43.586092	Conventional	Scratching	Scratching	Scratching	FALSE	Roots							536	419	955	10	11	21	24	150	8.4	5	8.6	0.59	8.47457627118644	69.3	356		83.421	96.555	6.51	2.2	100	16.69	16.69	53.98	8.98	7.14	1.19	100	14.81	14.81	95.02	14.08	41.98	6.22	100	10.5	10.5	75.36	7.91	23.87	2.51
VSA4	20LIB06	VSA4	VSA4	2020	Camargue	Aiguesmortes	Aiguesmortes	Conversion	Conversion	4.214626	43.555538	Conversion	Scratching	Scratching	Scratching	FALSE	Roots							546	401	947	13	15	28	25	210	8.4	5.8	9.976	0.52	11.1538461538462	72.9	301		85.2345	93.729	15.81	2.1	100	8.94	8.94	57.13	5.11	22.03	1.97	93.75	10.19	10.87	89.08	9.08	19.02	1.94	93.75	8.13	8.67	9.15	7.33	23.85	1.94
VSB1	20LIB06	VSB1	VSB1	2020	Camargue	Montcalm	Montcalm	Conventional	Conventional	4.320967	43.584075	Conventional	Scratching	Scratching	Scratching	FALSE	Mycelium							618	271	889	5	50	55	56	180	8.6	7	12.04	0.74	9.45945945945946	56.7	359		156.5655	163.437	11.16	2.6	93.75	3.94	4.2	75.71	2.98	4.76	0.19	93.75	7.56	8.07	38.93	2.94	3.72	0.28	93.75	3.19	3.4	62.35	1.99	1.96	0.06
VSB2	20LIB06	VSB2	VSB2	2020	Camargue	Montcalm	Montcalm	Conversion	Conversion	4.331302	43.573055	Conversion	Scratching	Scratching	Scratching	FALSE	Mycelium							525	402	927	13	22	35	38	195	8.6	4.5	7.74	0.51	8.82352941176471	41.8	258		97.7275	153.546	7.75	2.1	100	5.56	5.56	51.35	2.86	5.62	0.31	100	5.56	5.56	65.73	3.66	4.49	0.25	100	6.06	6.06	57.94	3.51	5.15	0.31
VSB3	20LIB06	VSB3	VSB3	2020	Camargue	Aiguesmortes	Aiguesmortes	Conventional	Conventional	4.234737	43.586092	Conventional	Scratching	Scratching	Scratching	FALSE	Mycelium							536	419	955	10	11	21	24	150	8.4	5	8.6	0.59	8.47457627118644	69.3	356		83.421	96.555	6.51	2.2	100	16.69	16.69	53.98	8.98	7.14	1.19	100	14.81	14.81	95.02	14.08	41.98	6.22	100	10.5	10.5	75.36	7.91	23.87	2.51
VSB4	20LIB06	VSB4	VSB4	2020	Camargue	Aiguesmortes	Aiguesmortes	Conversion	Conversion	4.214626	43.555538	Conversion	Scratching	Scratching	Scratching	FALSE	Mycelium							546	401	947	13	15	28	25	210	8.4	5.8	9.976	0.52	11.1538461538462	72.9	301		85.2345	93.729	15.81	2.1	100	8.94	8.94	57.13	5.11	22.03	1.97	93.75	10.19	10.87	89.08	9.08	19.02	1.94	93.75	8.13	8.67	9.15	7.33	23.85	1.94
VT10	20LIB06	VT10	VT10	2020	Rhône	Tain	Tain	Conversion	Conversion	4.879991	45.055002	Conversion	Scratching	Scratching	Scratching	FALSE	Spores	5137.368	5632.536	4673.148				478	190	668	77	117	194	138	30	7.1	12.2	20.984	1.07	11.4018691588785	69.6	203		143.065	259.992	13.33	7.6	100	7.13	7.13	64.3	4.58	21.05	1.5	93.75	5.25	5.6	63.33	3.33	43.45	2.28	100	14.81	14.81	88.86	13.16	48.52	7.19
VT18	20LIB06	VT18	VT18	2020	Rhône	Tain	Tain	Organic weeded	Organic	4.883459	45.058868	Organic weeded	Scratching	Scratching	Scratching	FALSE	Spores	8271.648	7300.356	7582.344				563	141	704	94	118	212	84	0	6.5	9.9	17.028	0.84	11.7857142857143	36.7	135	1106.859	136.214	321.222	4.65	5.7	81.25	11.44	12.92	88.83	5.72	8.25	0.53	93.75	9.31	10.8	90.6	6.63	39.32	2.88	87.5	11.25	13.29	61.72	4.48	17.67	1.28
VT2	20LIB06	VT2	VT2	2020	Rhône	Tain	Tain	Conventional	Conventional	4.893593	45.058994	Conventional	Herbicide	Grassing	Herbicide	FALSE	Spores	4044.696	3566.976	3375.888				347	90	437	97	212	309	254	30	7.8	8.8	15.136	1.07	8.22429906542056	16	128		215.605	260.463	7.44	10.1	93.75	5.25	5.6	82.26	4.32	8.33	0.44	87.5	4.94	5.64	52.15	2.58	8.23	0.41	100	14.13	14.13	63.32	8.94	42.7	6.03
VT26	20LIB06	VT26	VT26	2020	Rhône	Tain	Tain	Organic grassed	Organic	4.883879	45.060824	Organic grassed	Scratching	Grassing	Grassing	FALSE	Spores	8092.944	8500.728	8218.416				543	120	663	85	148	233	104	0	6.9	12.8	22.016	1.37	9.34306569343066	72.3	218	2142.906	207.142	327.345	4.96	8.2	100	9.44	9.44	81.46	7.46	26.82	2.53	100	16.88	16.88	84.81	14.31	21.11	3.56	100	20.69	20.69	95.47	19.75	50	9.47
VTA1	20LIB06	VTA1	VTA1	2020	Rhône	Tain	Tain	Conventional	Conventional	4.893593	45.058994	Conventional	Herbicide	Grassing	Herbicide	FALSE	Roots							347	90	437	97	212	309	254	30	7.8	8.8	15.136	1.07	8.22429906542056	16	128		215.605	260.463	7.44	10.1	93.75	5.25	5.6	82.26	4.32	8.33	0.44	87.5	4.94	5.64	52.15	2.58	8.23	0.41	100	14.13	14.13	63.32	8.94	42.7	6.03
VTA2	20LIB06	VTA2	VTA2	2020	Rhône	Tain	Tain	Conversion	Conversion	4.879991	45.055002	Conversion	Scratching	Scratching	Scratching	FALSE	Roots							478	190	668	77	117	194	138	30	7.1	12.2	20.984	1.07	11.4018691588785	69.6	203		143.065	259.992	13.33	7.6	100	7.13	7.13	64.3	4.58	21.05	1.5	93.75	5.25	5.6	63.33	3.33	43.45	2.28	100	14.81	14.81	88.86	13.16	48.52	7.19
VTA3	20LIB06	VTA3	VTA3	2020	Rhône	Tain	Tain	Organic weeded	Organic	4.883459	45.058868	Organic weeded	Scratching	Scratching	Scratching	FALSE	Roots							563	141	704	94	118	212	84	0	6.5	9.9	17.028	0.84	11.7857142857143	36.7	135	1106.859	136.214	321.222	4.65	5.7	81.25	11.44	12.92	88.83	5.72	8.25	0.53	93.75	9.31	10.8	90.6	6.63	39.32	2.88	87.5	11.25	13.29	61.72	4.48	17.67	1.28
VTA4	20LIB06	VTA4	VTA4	2020	Rhône	Tain	Tain	Organic grassed	Organic	4.883879	45.060824	Organic grassed	Scratching	Grassing	Grassing	FALSE	Roots							543	120	663	85	148	233	104	0	6.9	12.8	22.016	1.37	9.34306569343066	72.3	218	2142.906	207.142	327.345	4.96	8.2	100	9.44	9.44	81.46	7.46	26.82	2.53	100	16.88	16.88	84.81	14.31	21.11	3.56	100	20.69	20.69	95.47	19.75	50	9.47
VTB1	20LIB06	VTB1	VTB1	2020	Rhône	Tain	Tain	Conventional	Conventional	4.893593	45.058994	Conventional	Herbicide	Grassing	Herbicide	FALSE	Mycelium							347	90	437	97	212	309	254	30	7.8	8.8	15.136	1.07	8.22429906542056	16	128		215.605	260.463	7.44	10.1	93.75	5.25	5.6	82.26	4.32	8.33	0.44	87.5	4.94	5.64	52.15	2.58	8.23	0.41	100	14.13	14.13	63.32	8.94	42.7	6.03
VTB2	20LIB06	VTB2	VTB2	2020	Rhône	Tain	Tain	Conversion	Conversion	4.879991	45.055002	Conversion	Scratching	Scratching	Scratching	FALSE	Mycelium							478	190	668	77	117	194	138	30	7.1	12.2	20.984	1.07	11.4018691588785	69.6	203		143.065	259.992	13.33	7.6	100	7.13	7.13	64.3	4.58	21.05	1.5	93.75	5.25	5.6	63.33	3.33	43.45	2.28	100	14.81	14.81	88.86	13.16	48.52	7.19
VTB3	20LIB06	VTB3	VTB3	2020	Rhône	Tain	Tain	Organic weeded	Organic	4.883459	45.058868	Organic weeded	Scratching	Scratching	Scratching	FALSE	Mycelium							563	141	704	94	118	212	84	0	6.5	9.9	17.028	0.84	11.7857142857143	36.7	135	1106.859	136.214	321.222	4.65	5.7	81.25	11.44	12.92	88.83	5.72	8.25	0.53	93.75	9.31	10.8	90.6	6.63	39.32	2.88	87.5	11.25	13.29	61.72	4.48	17.67	1.28
VTB4	20LIB06	VTB4	VTB4	2020	Rhône	Tain	Tain	Organic grassed	Organic	4.883879	45.060824	Organic grassed	Scratching	Grassing	Grassing	FALSE	Mycelium							543	120	663	85	148	233	104	0	6.9	12.8	22.016	1.37	9.34306569343066	72.3	218	2142.906	207.142	327.345	4.96	8.2	100	9.44	9.44	81.46	7.46	26.82	2.53	100	16.88	16.88	84.81	14.31	21.11	3.56	100	20.69	20.69	95.47	19.75	50	9.47
VV10	20LIB06	VV10	VV10	2020	Bourgogne	Vosne	Vosne	Conversion	Conversion	4.959466	47.161369	Conversion	Scratching	Scratching	Scratching	FALSE	Spores	3354.624	3902.976	3677.184				109	102	211	185	241	426	363	189	8	20.6	35.432	1.94	10.6185567010309	102.9	970		351.2145	1083.771	8.68	17.8	93.75	8.88	9.47	37.11	3.29	3.17	0.28	100	8.44	8.44	64.59	5.45	2.59	0.22	100	7.13	7.13	69.3	4.94	3.51	0.25
VV18	20LIB06	VV18	VV18	2020	Bourgogne	Vosne	Vosne	Organic weeded	Organic	4.958958	47.161064	Organic weeded	Scratching	Scratching	Scratching	FALSE	Spores	4517.376	4716.672	5181.696				92	83	175	175	262	437	388	182	7.9	28.5	49.02	2.55	11.1764705882353	63.9	780		409.448	1324.923	9.3	20.1	100	24.06	24.06	89.74	21.59	26.62	6.41	100	14.13	14.13	63.76	9.01	8.41	1.19	100	15.69	15.69	62.59	9.82	12.15	1.91
VV2	20LIB06	VV2	VV2	2020	Bourgogne	Vosne	Vosne	Conventional	Conventional	4.958467	47.160705	Conventional	Herbicide	Herbicide	Herbicide	FALSE	Spores	3918.072	3519.624	4183.704				40	86	126	197	219	416	458	103	7.8	22.5	38.7	2.08	10.8173076923077	91.5	516		387.8875	737.586	11.16	25	94.12	6.71	7.13	54.39	3.65	34.3	2.3	100	8.94	8.94	89.72	8.02	53.5	4.78	100	6.06	6.06	42.37	2.57	27.32	1.66
VV26	20LIB06	VV26	VV26	2020	Bourgogne	Vosne	Vosne	Organic grassed	Organic	4.958519	47.160868	Organic grassed	Scratching	Grassing	Grassing	FALSE	Spores	7788.312	8377.344	7722.864				54	99	153	240	249	489	358	111	7.9	21.7	37.324	2	10.85	72	509		326.027	841.206	33.48	23.4	100	19.13	19.13	94.44	18.06	58.01	11.09	100	29.44	29.44	86.75	25.54	37.47	11.03	100	29.69	29.69	76.11	22.59	35.89	10.66
VVA1	20LIB06	VVA1	VVA1	2020	Bourgogne	Vosne	Vosne	Conventional	Conventional	4.958467	47.160705	Conventional	Herbicide	Herbicide	Herbicide	FALSE	Roots							40	86	126	197	219	416	458	103	7.8	22.5	38.7	2.08	10.8173076923077	91.5	516		387.8875	737.586	11.16	25	94.12	6.71	7.13	54.39	3.65	34.3	2.3	100	8.94	8.94	89.72	8.02	53.5	4.78	100	6.06	6.06	42.37	2.57	27.32	1.66
VVA2	20LIB06	VVA2	VVA2	2020	Bourgogne	Vosne	Vosne	Conversion	Conversion	4.959466	47.161369	Conversion	Scratching	Scratching	Scratching	FALSE	Roots							109	102	211	185	241	426	363	189	8	20.6	35.432	1.94	10.6185567010309	102.9	970		351.2145	1083.771	8.68	17.8	93.75	8.88	9.47	37.11	3.29	3.17	0.28	100	8.44	8.44	64.59	5.45	2.59	0.22	100	7.13	7.13	69.3	4.94	3.51	0.25
VVA3	20LIB06	VVA3	VVA3	2020	Bourgogne	Vosne	Vosne	Organic weeded	Organic	4.958958	47.161064	Organic weeded	Scratching	Scratching	Scratching	FALSE	Roots							92	83	175	175	262	437	388	182	7.9	28.5	49.02	2.55	11.1764705882353	63.9	780		409.448	1324.923	9.3	20.1	100	24.06	24.06	89.74	21.59	26.62	6.41	100	14.13	14.13	63.76	9.01	8.41	1.19	100	15.69	15.69	62.59	9.82	12.15	1.91
VVA4	20LIB06	VVA4	VVA4	2020	Bourgogne	Vosne	Vosne	Organic grassed	Organic	4.958519	47.160868	Organic grassed	Scratching	Grassing	Grassing	FALSE	Roots							54	99	153	240	249	489	358	111	7.9	21.7	37.324	2	10.85	72	509		326.027	841.206	33.48	23.4	100	19.13	19.13	94.44	18.06	58.01	11.09	100	29.44	29.44	86.75	25.54	37.47	11.03	100	29.69	29.69	76.11	22.59	35.89	10.66
VVB2	20LIB06	VVB2	VVB2	2020	Bourgogne	Vosne	Vosne	Conversion	Conversion	4.959466	47.161369	Conversion	Scratching	Scratching	Scratching	FALSE	Mycelium							109	102	211	185	241	426	363	189	8	20.6	35.432	1.94	10.6185567010309	102.9	970		351.2145	1083.771	8.68	17.8	93.75	8.88	9.47	37.11	3.29	3.17	0.28	100	8.44	8.44	64.59	5.45	2.59	0.22	100	7.13	7.13	69.3	4.94	3.51	0.25
VVB3	20LIB06	VVB3	VVB3	2020	Bourgogne	Vosne	Vosne	Organic weeded	Organic	4.958958	47.161064	Organic weeded	Scratching	Scratching	Scratching	FALSE	Mycelium							92	83	175	175	262	437	388	182	7.9	28.5	49.02	2.55	11.1764705882353	63.9	780		409.448	1324.923	9.3	20.1	100	24.06	24.06	89.74	21.59	26.62	6.41	100	14.13	14.13	63.76	9.01	8.41	1.19	100	15.69	15.69	62.59	9.82	12.15	1.91
VVB4	20LIB06	VVB4	VVB4	2020	Bourgogne	Vosne	Vosne	Organic grassed	Organic	4.958519	47.160868	Organic grassed	Scratching	Grassing	Grassing	FALSE	Mycelium							54	99	153	240	249	489	358	111	7.9	21.7	37.324	2	10.85	72	509		326.027	841.206	33.48	23.4	100	19.13	19.13	94.44	18.06	58.01	11.09	100	29.44	29.44	86.75	25.54	37.47	11.03	100	29.69	29.69	76.11	22.59	35.89	10.66
